{
  "locations": [
    { "name": "Jakarta Pusat", "province": "DKI Jakarta", "type": "city" },
    { "name": "Jakarta Barat", "province": "DKI Jakarta", "type": "city" },
    { "name": "Jakarta Selatan", "province": "DKI Jakarta", "type": "city" },
    { "name": "Jakarta Timur", "province": "DKI Jakarta", "type": "city" },
    { "name": "Jakarta Utara", "province": "DKI Jakarta", "type": "city" },
    { "name": "Bandung", "province": "Jawa Barat", "type": "city" },
    { "name": "Bogor", "province": "Jawa Barat", "type": "city" },
    { "name": "Depok", "province": "Jawa Barat", "type": "city" },
    { "name": "Bekasi", "province": "Jawa Barat", "type": "city" },
    { "name": "Cimahi", "province": "Jawa Barat", "type": "city" },
    { "name": "Tasikmalaya", "province": "Jawa Barat", "type": "city" },
    { "name": "Cirebon", "province": "Jawa Barat", "type": "city" },
    { "name": "Kabupaten Bandung", "province": "Jawa Barat", "type": "regency" },
    { "name": "Kabupaten Bogor", "province": "Jawa Barat", "type": "regency" },
    { "name": "Kabupaten Bekasi", "province": "Jawa Barat", "type": "regency" },
    { "name": "Surabaya", "province": "Jawa Timur", "type": "city" },
    { "name": "Malang", "province": "Jawa Timur", "type": "city" },
    { "name": "Kediri", "province": "Jawa Timur", "type": "city" },
    { "name": "Madiun", "province": "Jawa Timur", "type": "city" },
    { "name": "Blitar", "province": "Jawa Timur", "type": "city" },
    { "name": "Kabupaten Malang", "province": "Jawa Timur", "type": "regency" },
    { "name": "Kabupaten Sidoarjo", "province": "Jawa Timur", "type": "regency" },
    { "name": "Semarang", "province": "Jawa Tengah", "type": "city" },
    { "name": "Solo", "province": "Jawa Tengah", "type": "city" },
    { "name": "Yogyakarta", "province": "DI Yogyakarta", "type": "city" },
    { "name": "Magelang", "province": "Jawa Tengah", "type": "city" },
    { "name": "Pekalongan", "province": "Jawa Tengah", "type": "city" },
    { "name": "Tegal", "province": "Jawa Tengah", "type": "city" },
    { "name": "Medan", "province": "Sumatera Utara", "type": "city" },
    { "name": "Binjai", "province": "Sumatera Utara", "type": "city" },
    { "name": "Tebing Tinggi", "province": "Sumatera Utara", "type": "city" },
    { "name": "Pematangsiantar", "province": "Sumatera Utara", "type": "city" },
    { "name": "Makassar", "province": "Sulawesi Selatan", "type": "city" },
    { "name": "Parepare", "province": "Sulawesi Selatan", "type": "city" },
    { "name": "Palopo", "province": "Sulawesi Selatan", "type": "city" },
    { "name": "Denpasar", "province": "Bali", "type": "city" },
    { "name": "Badung", "province": "Bali", "type": "regency" },
    { "name": "Gianyar", "province": "Bali", "type": "regency" },
    { "name": "Palembang", "province": "Sumatera Selatan", "type": "city" },
    { "name": "Padang", "province": "Sumatera Barat", "type": "city" },
    { "name": "Pekanbaru", "province": "Riau", "type": "city" },
    { "name": "Banjarmasin", "province": "Kalimantan Selatan", "type": "city" },
    { "name": "Samarinda", "province": "Kalimantan Timur", "type": "city" },
    { "name": "Manado", "province": "Sulawesi Utara", "type": "city" },
    { "name": "Ambon", "province": "Maluku", "type": "city" },
    { "name": "Jayapura", "province": "Papua", "type": "city" },
    { "name": "Aceh", "province": "Aceh", "type": "province" },
    { "name": "Sumatera Utara", "province": "Sumatera Utara", "type": "province" },
    { "name": "Sumatera Barat", "province": "Sumatera Barat", "type": "province" },
    { "name": "Riau", "province": "Riau", "type": "province" },
    { "name": "Kepulauan Riau", "province": "Kepulauan Riau", "type": "province" },
    { "name": "Jambi", "province": "Jambi", "type": "province" },
    { "name": "Sumatera Selatan", "province": "Sumatera Selatan", "type": "province" },
    { "name": "Bangka Belitung", "province": "Bangka Belitung", "type": "province" },
    { "name": "Bengkulu", "province": "Bengkulu", "type": "province" },
    { "name": "Lampung", "province": "Lampung", "type": "province" },
    { "name": "DKI Jakarta", "province": "DKI Jakarta", "type": "province" },
    { "name": "Jawa Barat", "province": "Jawa Barat", "type": "province" },
    { "name": "Banten", "province": "Banten", "type": "province" },
    { "name": "Jawa Tengah", "province": "Jawa Tengah", "type": "province" },
    { "name": "DI Yogyakarta", "province": "DI Yogyakarta", "type": "province" },
    { "name": "Jawa Timur", "province": "Jawa Timur", "type": "province" },
    { "name": "Bali", "province": "Bali", "type": "province" },
    { "name": "Nusa Tenggara Barat", "province": "Nusa Tenggara Barat", "type": "province" },
    { "name": "Nusa Tenggara Timur", "province": "Nusa Tenggara Timur", "type": "province" },
    { "name": "Kalimantan Barat", "province": "Kalimantan Barat", "type": "province" },
    { "name": "Kalimantan Tengah", "province": "Kalimantan Tengah", "type": "province" },
    { "name": "Kalimantan Selatan", "province": "Kalimantan Selatan", "type": "province" },
    { "name": "Kalimantan Timur", "province": "Kalimantan Timur", "type": "province" },
    { "name": "Kalimantan Utara", "province": "Kalimantan Utara", "type": "province" },
    { "name": "Sulawesi Utara", "province": "Sulawesi Utara", "type": "province" },
    { "name": "Gorontalo", "province": "Gorontalo", "type": "province" },
    { "name": "Sulawesi Tengah", "province": "Sulawesi Tengah", "type": "province" },
    { "name": "Sulawesi Barat", "province": "Sulawesi Barat", "type": "province" },
    { "name": "Sulawesi Selatan", "province": "Sulawesi Selatan", "type": "province" },
    { "name": "Sulawesi Tenggara", "province": "Sulawesi Tenggara", "type": "province" },
    { "name": "Maluku", "province": "Maluku", "type": "province" },
    { "name": "Maluku Utara", "province": "Maluku Utara", "type": "province" },
    { "name": "Papua Barat", "province": "Papua Barat", "type": "province" },
    { "name": "Papua", "province": "Papua", "type": "province" },
    { "name": "Papua Tengah", "province": "Papua Tengah", "type": "province" },
    { "name": "Papua Pegunungan", "province": "Papua Pegunungan", "type": "province" },
    { "name": "Papua Selatan", "province": "Papua Selatan", "type": "province" }
  ]
}
